{
  "IcoMoonType": "selection",
  "icons": [
    {
      "icon": {
        "paths": [
          "M512 32l-512 512 96 96 96-96v416h256v-192h128v192h256v-416l96 96 96-96-512-512zM512 448c-35.346 0-64-28.654-64-64s28.654-64 64-64c35.346 0 64 28.654 64 64s-28.654 64-64 64z"
        ],
        "tags": [
          "home",
          "house"
        ],
        "defaultCode": 59649,
        "grid": 16,
        "attrs": []
      },
      "attrs": [],
      "properties": {
        "ligatures": "home2, house2",
        "name": "home2",
        "order": 9,
        "id": 2,
        "prevSize": 32,
        "code": 59649
      },
      "setIdx": 0,
      "setId": 1,
      "iconIdx": 1
    },
    {
      "icon": {
        "paths": [
          "M1024 608l-192-192v-288h-128v160l-192-192-512 512v32h128v320h320v-192h128v192h320v-320h128z"
        ],
        "tags": [
          "home",
          "house"
        ],
        "defaultCode": 59650,
        "grid": 16,
        "attrs": []
      },
      "attrs": [],
      "properties": {
        "ligatures": "home3, house3",
        "name": "home3",
        "order": 101,
        "id": 3,
        "prevSize": 32,
        "code": 59650
      },
      "setIdx": 0,
      "setId": 1,
      "iconIdx": 2
    },
    {
      "icon": {
        "paths": [
          "M0 1024h512v-1024h-512v1024zM320 128h128v128h-128v-128zM320 384h128v128h-128v-128zM320 640h128v128h-128v-128zM64 128h128v128h-128v-128zM64 384h128v128h-128v-128zM64 640h128v128h-128v-128zM576 320h448v64h-448zM576 1024h128v-256h192v256h128v-576h-448z"
        ],
        "tags": [
          "office",
          "buildings",
          "work"
        ],
        "defaultCode": 59651,
        "grid": 16,
        "attrs": []
      },
      "attrs": [],
      "properties": {
        "ligatures": "office, buildings",
        "name": "office",
        "order": 11,
        "id": 4,
        "prevSize": 32,
        "code": 59651
      },
      "setIdx": 0,
      "setId": 1,
      "iconIdx": 3
    },
    {
      "icon": {
        "paths": [
          "M0 1024c128-384 463-1024 1024-1024-263 211-384 704-576 704s-192 0-192 0l-192 320h-64z"
        ],
        "tags": [
          "quill",
          "feather",
          "write",
          "edit"
        ],
        "defaultCode": 59655,
        "grid": 16,
        "attrs": []
      },
      "attrs": [],
      "properties": {
        "ligatures": "quill, feather",
        "name": "quill",
        "order": 3,
        "id": 8,
        "prevSize": 32,
        "code": 59655
      },
      "setIdx": 0,
      "setId": 1,
      "iconIdx": 7
    },
    {
      "icon": {
        "paths": [
          "M986.51 37.49c-49.988-49.986-131.032-49.986-181.020 0l-172.118 172.118-121.372-121.372-135.764 135.764 106.426 106.426-472.118 472.118c-8.048 8.048-11.468 18.958-10.3 29.456h-0.244v160c0 17.674 14.328 32 32 32h160c0 0 2.664 0 4 0 9.212 0 18.426-3.516 25.456-10.544l472.118-472.118 106.426 106.426 135.764-135.764-121.372-121.372 172.118-172.118c49.986-49.988 49.986-131.032 0-181.020zM173.090 960h-109.090v-109.090l469.574-469.572 109.088 109.088-469.572 469.574z"
        ],
        "tags": [
          "eyedropper",
          "color",
          "color-picker",
          "sample"
        ],
        "defaultCode": 59658,
        "grid": 16,
        "attrs": []
      },
      "attrs": [],
      "properties": {
        "ligatures": "eyedropper, color",
        "name": "eyedropper",
        "order": 12,
        "id": 11,
        "prevSize": 32,
        "code": 59658
      },
      "setIdx": 0,
      "setId": 1,
      "iconIdx": 10
    },
    {
      "icon": {
        "paths": [
          "M864.626 473.162c-65.754-183.44-205.11-348.15-352.626-473.162-147.516 125.012-286.87 289.722-352.626 473.162-40.664 113.436-44.682 236.562 12.584 345.4 65.846 125.14 198.632 205.438 340.042 205.438s274.196-80.298 340.040-205.44c57.27-108.838 53.25-231.962 12.586-345.398zM738.764 758.956c-43.802 83.252-132.812 137.044-226.764 137.044-55.12 0-108.524-18.536-152.112-50.652 13.242 1.724 26.632 2.652 40.112 2.652 117.426 0 228.668-67.214 283.402-171.242 44.878-85.292 40.978-173.848 23.882-244.338 14.558 28.15 26.906 56.198 36.848 83.932 22.606 63.062 40.024 156.34-5.368 242.604z"
        ],
        "tags": [
          "droplet",
          "color",
          "water"
        ],
        "defaultCode": 59659,
        "grid": 16,
        "attrs": []
      },
      "attrs": [],
      "properties": {
        "ligatures": "droplet, color2",
        "name": "droplet",
        "order": 13,
        "id": 12,
        "prevSize": 32,
        "code": 59659
      },
      "setIdx": 0,
      "setId": 1,
      "iconIdx": 11
    },
    {
      "icon": {
        "paths": [
          "M959.884 128c0.040 0.034 0.082 0.076 0.116 0.116v767.77c-0.034 0.040-0.076 0.082-0.116 0.116h-895.77c-0.040-0.034-0.082-0.076-0.114-0.116v-767.772c0.034-0.040 0.076-0.082 0.114-0.114h895.77zM960 64h-896c-35.2 0-64 28.8-64 64v768c0 35.2 28.8 64 64 64h896c35.2 0 64-28.8 64-64v-768c0-35.2-28.8-64-64-64v0z",
          "M832 288c0 53.020-42.98 96-96 96s-96-42.98-96-96 42.98-96 96-96 96 42.98 96 96z",
          "M896 832h-768v-128l224-384 256 320h64l224-192z"
        ],
        "tags": [
          "image",
          "picture",
          "photo",
          "graphic"
        ],
        "defaultCode": 59661,
        "grid": 16,
        "attrs": []
      },
      "attrs": [],
      "properties": {
        "ligatures": "image, picture",
        "name": "image",
        "order": 20,
        "id": 14,
        "prevSize": 32,
        "code": 59661
      },
      "setIdx": 0,
      "setId": 1,
      "iconIdx": 13
    },
    {
      "icon": {
        "paths": [
          "M304 608c0 114.876 93.124 208 208 208s208-93.124 208-208-93.124-208-208-208-208 93.124-208 208zM960 256h-224c-16-64-32-128-96-128h-256c-64 0-80 64-96 128h-224c-35.2 0-64 28.8-64 64v576c0 35.2 28.8 64 64 64h896c35.2 0 64-28.8 64-64v-576c0-35.2-28.8-64-64-64zM512 892c-156.85 0-284-127.148-284-284 0-156.85 127.15-284 284-284 156.852 0 284 127.15 284 284 0 156.852-127.146 284-284 284zM960 448h-128v-64h128v64z"
        ],
        "tags": [
          "camera",
          "photo",
          "picture",
          "image"
        ],
        "defaultCode": 59663,
        "grid": 16,
        "attrs": []
      },
      "attrs": [],
      "properties": {
        "ligatures": "camera, photo",
        "name": "camera",
        "order": 14,
        "id": 16,
        "prevSize": 32,
        "code": 59663
      },
      "setIdx": 0,
      "setId": 1,
      "iconIdx": 15
    },
    {
      "icon": {
        "paths": [
          "M288 576h-64v448h64c17.6 0 32-14.4 32-32v-384c0-17.6-14.4-32-32-32z",
          "M736 576c-17.602 0-32 14.4-32 32v384c0 17.6 14.398 32 32 32h64v-448h-64z",
          "M1024 512c0-282.77-229.23-512-512-512s-512 229.23-512 512c0 61.412 10.83 120.29 30.656 174.848-19.478 33.206-30.656 71.87-30.656 113.152 0 112.846 83.448 206.188 192 221.716v-443.418c-31.914 4.566-61.664 15.842-87.754 32.378-5.392-26.718-8.246-54.364-8.246-82.676 0-229.75 186.25-416 416-416s416 186.25 416 416c0 28.314-2.83 55.968-8.22 82.696-26.1-16.546-55.854-27.848-87.78-32.418v443.44c108.548-15.532 192-108.874 192-221.714 0-41.274-11.178-79.934-30.648-113.138 19.828-54.566 30.648-113.452 30.648-174.866z"
        ],
        "tags": [
          "headphones",
          "headset",
          "music",
          "audio"
        ],
        "defaultCode": 59664,
        "grid": 16,
        "attrs": []
      },
      "attrs": [],
      "properties": {
        "ligatures": "headphones, headset",
        "name": "headphones",
        "order": 19,
        "id": 17,
        "prevSize": 32,
        "code": 59664
      },
      "setIdx": 0,
      "setId": 1,
      "iconIdx": 16
    },
    {
      "icon": {
        "paths": [
          "M384 288c0-88.366 71.634-160 160-160s160 71.634 160 160c0 88.366-71.634 160-160 160s-160-71.634-160-160zM0 288c0-88.366 71.634-160 160-160s160 71.634 160 160c0 88.366-71.634 160-160 160s-160-71.634-160-160zM768 608v-96c0-35.2-28.8-64-64-64h-640c-35.2 0-64 28.8-64 64v320c0 35.2 28.8 64 64 64h640c35.2 0 64-28.8 64-64v-96l256 160v-448l-256 160zM640 768h-512v-192h512v192z"
        ],
        "tags": [
          "video-camera",
          "video",
          "media",
          "film",
          "movie"
        ],
        "defaultCode": 59668,
        "grid": 16,
        "attrs": []
      },
      "attrs": [],
      "properties": {
        "ligatures": "video-camera, video3",
        "name": "video-camera",
        "order": 18,
        "id": 21,
        "prevSize": 32,
        "code": 59668
      },
      "setIdx": 0,
      "setId": 1,
      "iconIdx": 20
    },
    {
      "icon": {
        "paths": [
          "M864 0h-768c-52.8 0-96 43.2-96 96v832c0 52.8 43.2 96 96 96h768c52.8 0 96-43.2 96-96v-832c0-52.8-43.2-96-96-96zM832 896h-704v-768h704v768zM256 576h448v64h-448zM256 704h448v64h-448zM320 288c0-53.019 42.981-96 96-96s96 42.981 96 96c0 53.019-42.981 96-96 96s-96-42.981-96-96zM480 384h-128c-52.8 0-96 28.8-96 64v64h320v-64c0-35.2-43.2-64-96-64z"
        ],
        "tags": [
          "profile",
          "file",
          "document",
          "page",
          "user",
          "paper"
        ],
        "defaultCode": 59683,
        "grid": 16,
        "attrs": []
      },
      "attrs": [],
      "properties": {
        "ligatures": "profile, file2",
        "name": "profile",
        "order": 100,
        "id": 36,
        "prevSize": 32,
        "code": 59683
      },
      "setIdx": 0,
      "setId": 1,
      "iconIdx": 35
    },
    {
      "icon": {
        "paths": [
          "M448 128l128 128h448v704h-1024v-832z"
        ],
        "tags": [
          "folder",
          "directory",
          "category",
          "browse"
        ],
        "defaultCode": 59695,
        "grid": 16,
        "attrs": []
      },
      "attrs": [],
      "properties": {
        "ligatures": "folder, directory",
        "name": "folder",
        "order": 21,
        "id": 48,
        "prevSize": 32,
        "code": 59695
      },
      "setIdx": 0,
      "setId": 1,
      "iconIdx": 47
    },
    {
      "icon": {
        "paths": [
          "M832 960l192-512h-832l-192 512zM128 384l-128 576v-832h288l128 128h416v128z"
        ],
        "tags": [
          "folder-open",
          "directory",
          "category",
          "browse"
        ],
        "defaultCode": 59696,
        "grid": 16,
        "attrs": []
      },
      "attrs": [],
      "properties": {
        "ligatures": "folder-open, directory2",
        "name": "folder-open",
        "order": 22,
        "id": 49,
        "prevSize": 32,
        "code": 59696
      },
      "setIdx": 0,
      "setId": 1,
      "iconIdx": 48
    },
    {
      "icon": {
        "paths": [
          "M976 0h-384c-26.4 0-63.274 15.274-81.942 33.942l-476.116 476.116c-18.668 18.668-18.668 49.214 0 67.882l412.118 412.118c18.668 18.668 49.214 18.668 67.882 0l476.118-476.118c18.666-18.666 33.94-55.54 33.94-81.94v-384c0-26.4-21.6-48-48-48zM736 384c-53.020 0-96-42.98-96-96s42.98-96 96-96 96 42.98 96 96-42.98 96-96 96z"
        ],
        "tags": [
          "price-tag"
        ],
        "defaultCode": 59701,
        "grid": 16,
        "attrs": []
      },
      "attrs": [],
      "properties": {
        "ligatures": "price-tag",
        "name": "price-tag",
        "order": 5,
        "id": 54,
        "prevSize": 32,
        "code": 59701
      },
      "setIdx": 0,
      "setId": 1,
      "iconIdx": 53
    },
    {
      "icon": {
        "width": 1280,
        "paths": [
          "M1232 0h-384c-26.4 0-63.274 15.274-81.942 33.942l-476.116 476.116c-18.668 18.668-18.668 49.214 0 67.882l412.118 412.118c18.668 18.668 49.214 18.668 67.882 0l476.118-476.118c18.666-18.666 33.94-55.54 33.94-81.94v-384c0-26.4-21.6-48-48-48zM992 384c-53.020 0-96-42.98-96-96s42.98-96 96-96 96 42.98 96 96-42.98 96-96 96z",
          "M128 544l544-544h-80c-26.4 0-63.274 15.274-81.942 33.942l-476.116 476.116c-18.668 18.668-18.668 49.214 0 67.882l412.118 412.118c18.668 18.668 49.214 18.668 67.882 0l30.058-30.058-416-416z"
        ],
        "tags": [
          "price-tags"
        ],
        "defaultCode": 59702,
        "grid": 16,
        "attrs": []
      },
      "attrs": [],
      "properties": {
        "ligatures": "price-tags",
        "name": "price-tags",
        "order": 4,
        "id": 55,
        "prevSize": 32,
        "code": 59702
      },
      "setIdx": 0,
      "setId": 1,
      "iconIdx": 54
    },
    {
      "icon": {
        "paths": [
          "M0 128h128v640h-128zM192 128h64v640h-64zM320 128h64v640h-64zM512 128h64v640h-64zM768 128h64v640h-64zM960 128h64v640h-64zM640 128h32v640h-32zM448 128h32v640h-32zM864 128h32v640h-32zM0 832h64v64h-64zM192 832h64v64h-64zM320 832h64v64h-64zM640 832h64v64h-64zM960 832h64v64h-64zM768 832h128v64h-128zM448 832h128v64h-128z"
        ],
        "tags": [
          "barcode"
        ],
        "defaultCode": 59703,
        "grid": 16,
        "attrs": []
      },
      "attrs": [],
      "properties": {
        "ligatures": "barcode",
        "name": "barcode",
        "order": 99,
        "id": 56,
        "prevSize": 32,
        "code": 59703
      },
      "setIdx": 0,
      "setId": 1,
      "iconIdx": 55
    },
    {
      "icon": {
        "paths": [
          "M384 928c0 53.019-42.981 96-96 96s-96-42.981-96-96c0-53.019 42.981-96 96-96s96 42.981 96 96z",
          "M1024 928c0 53.019-42.981 96-96 96s-96-42.981-96-96c0-53.019 42.981-96 96-96s96 42.981 96 96z",
          "M1024 512v-384h-768c0-35.346-28.654-64-64-64h-192v64h128l48.074 412.054c-29.294 23.458-48.074 59.5-48.074 99.946 0 70.696 57.308 128 128 128h768v-64h-768c-35.346 0-64-28.654-64-64 0-0.218 0.014-0.436 0.016-0.656l831.984-127.344z"
        ],
        "tags": [
          "cart",
          "purchase",
          "ecommerce",
          "shopping"
        ],
        "defaultCode": 59706,
        "grid": 16,
        "attrs": []
      },
      "attrs": [],
      "properties": {
        "ligatures": "cart, purchase",
        "name": "cart",
        "order": 7,
        "id": 59,
        "prevSize": 32,
        "code": 59706
      },
      "setIdx": 0,
      "setId": 1,
      "iconIdx": 58
    },
    {
      "icon": {
        "paths": [
          "M480 64c-265.096 0-480 214.904-480 480 0 265.098 214.904 480 480 480 265.098 0 480-214.902 480-480 0-265.096-214.902-480-480-480zM480 928c-212.078 0-384-171.922-384-384s171.922-384 384-384c212.078 0 384 171.922 384 384s-171.922 384-384 384zM512 512v-128h128v-64h-128v-64h-64v64h-128v256h128v128h-128v64h128v64h64v-64h128.002l-0.002-256h-128zM448 512h-64v-128h64v128zM576.002 704h-64.002v-128h64.002v128z"
        ],
        "tags": [
          "coin-dollar",
          "money",
          "cash",
          "currency-dollar"
        ],
        "defaultCode": 59707,
        "grid": 16,
        "attrs": []
      },
      "attrs": [],
      "properties": {
        "ligatures": "coin-dollar, money",
        "name": "coin-dollar",
        "order": 8,
        "id": 60,
        "prevSize": 32,
        "code": 59707
      },
      "setIdx": 0,
      "setId": 1,
      "iconIdx": 59
    },
    {
      "icon": {
        "paths": [
          "M928 128h-832c-52.8 0-96 43.2-96 96v576c0 52.8 43.2 96 96 96h832c52.8 0 96-43.2 96-96v-576c0-52.8-43.2-96-96-96zM96 192h832c17.346 0 32 14.654 32 32v96h-896v-96c0-17.346 14.654-32 32-32zM928 832h-832c-17.346 0-32-14.654-32-32v-288h896v288c0 17.346-14.654 32-32 32zM128 640h64v128h-64zM256 640h64v128h-64zM384 640h64v128h-64z"
        ],
        "tags": [
          "credit-card",
          "money",
          "payment",
          "ecommerce"
        ],
        "defaultCode": 59711,
        "grid": 16,
        "attrs": []
      },
      "attrs": [],
      "properties": {
        "ligatures": "credit-card, money5",
        "name": "credit-card",
        "order": 98,
        "id": 64,
        "prevSize": 32,
        "code": 59711
      },
      "setIdx": 0,
      "setId": 1,
      "iconIdx": 63
    },
    {
      "icon": {
        "paths": [
          "M512 0c-282.77 0-512 229.23-512 512s229.23 512 512 512 512-229.23 512-512-229.23-512-512-512zM320 512c0-106.040 85.96-192 192-192s192 85.96 192 192-85.96 192-192 192-192-85.96-192-192zM925.98 683.476v0l-177.42-73.49c12.518-30.184 19.44-63.276 19.44-97.986s-6.922-67.802-19.44-97.986l177.42-73.49c21.908 52.822 34.020 110.73 34.020 171.476s-12.114 118.654-34.020 171.476v0zM683.478 98.020v0 0l-73.49 177.42c-30.184-12.518-63.276-19.44-97.988-19.44s-67.802 6.922-97.986 19.44l-73.49-177.422c52.822-21.904 110.732-34.018 171.476-34.018 60.746 0 118.654 12.114 171.478 34.020zM98.020 340.524l177.422 73.49c-12.518 30.184-19.442 63.276-19.442 97.986s6.922 67.802 19.44 97.986l-177.42 73.49c-21.906-52.822-34.020-110.73-34.020-171.476s12.114-118.654 34.020-171.476zM340.524 925.98l73.49-177.42c30.184 12.518 63.276 19.44 97.986 19.44s67.802-6.922 97.986-19.44l73.49 177.42c-52.822 21.904-110.73 34.020-171.476 34.020-60.744 0-118.654-12.114-171.476-34.020z"
        ],
        "tags": [
          "lifebuoy",
          "support",
          "help"
        ],
        "defaultCode": 59713,
        "grid": 16,
        "attrs": []
      },
      "attrs": [],
      "properties": {
        "ligatures": "lifebuoy, support",
        "name": "lifebuoy",
        "order": 97,
        "id": 66,
        "prevSize": 32,
        "code": 59713
      },
      "setIdx": 0,
      "setId": 1,
      "iconIdx": 65
    },
    {
      "icon": {
        "paths": [
          "M704 640c-64 64-64 128-128 128s-128-64-192-128-128-128-128-192 64-64 128-128-128-256-192-256-192 192-192 192c0 128 131.5 387.5 256 512s384 256 512 256c0 0 192-128 192-192s-192-256-256-192z"
        ],
        "tags": [
          "phone",
          "telephone",
          "contact",
          "support",
          "call"
        ],
        "defaultCode": 59714,
        "grid": 16,
        "attrs": []
      },
      "attrs": [],
      "properties": {
        "ligatures": "phone, telephone",
        "name": "phone",
        "order": 96,
        "id": 67,
        "prevSize": 32,
        "code": 59714
      },
      "setIdx": 0,
      "setId": 1,
      "iconIdx": 66
    },
    {
      "icon": {
        "paths": [
          "M192 0v1024h768v-1024h-768zM576 256.33c70.51 0 127.67 57.16 127.67 127.67s-57.16 127.67-127.67 127.67-127.67-57.16-127.67-127.67 57.16-127.67 127.67-127.67v0zM768 768h-384v-64c0-70.696 57.306-128 128-128v0h128c70.696 0 128 57.304 128 128v64z",
          "M64 64h96v192h-96v-192z",
          "M64 320h96v192h-96v-192z",
          "M64 576h96v192h-96v-192z",
          "M64 832h96v192h-96v-192z"
        ],
        "tags": [
          "address-book",
          "contact",
          "book",
          "contacts"
        ],
        "defaultCode": 59716,
        "grid": 16,
        "attrs": []
      },
      "attrs": [],
      "properties": {
        "ligatures": "address-book, contact",
        "name": "address-book",
        "order": 95,
        "id": 69,
        "prevSize": 32,
        "code": 59716
      },
      "setIdx": 0,
      "setId": 1,
      "iconIdx": 68
    },
    {
      "icon": {
        "paths": [
          "M544 0l-96 96 96 96-224 256h-224l176 176-272 360.616v39.384h39.384l360.616-272 176 176v-224l256-224 96 96 96-96-480-480zM448 544l-64-64 224-224 64 64-224 224z"
        ],
        "tags": [
          "pushpin",
          "pin"
        ],
        "defaultCode": 59718,
        "grid": 16,
        "attrs": []
      },
      "attrs": [],
      "properties": {
        "ligatures": "pushpin, pin",
        "name": "pushpin",
        "order": 94,
        "id": 71,
        "prevSize": 32,
        "code": 59718
      },
      "setIdx": 0,
      "setId": 1,
      "iconIdx": 70
    },
    {
      "icon": {
        "paths": [
          "M512 0c-176.732 0-320 143.268-320 320 0 320 320 704 320 704s320-384 320-704c0-176.732-143.27-320-320-320zM512 512c-106.040 0-192-85.96-192-192s85.96-192 192-192 192 85.96 192 192-85.96 192-192 192z"
        ],
        "tags": [
          "location",
          "map-marker",
          "pin"
        ],
        "defaultCode": 59719,
        "grid": 16,
        "attrs": []
      },
      "attrs": [],
      "properties": {
        "ligatures": "location, map-marker",
        "name": "location",
        "order": 93,
        "id": 72,
        "prevSize": 32,
        "code": 59719
      },
      "setIdx": 0,
      "setId": 1,
      "iconIdx": 71
    },
    {
      "icon": {
        "paths": [
          "M512 0c-176.732 0-320 143.268-320 320 0 320 320 704 320 704s320-384 320-704c0-176.732-143.27-320-320-320zM512 516c-108.248 0-196-87.752-196-196s87.752-196 196-196 196 87.752 196 196-87.752 196-196 196zM388 320c0-68.483 55.517-124 124-124s124 55.517 124 124c0 68.483-55.517 124-124 124s-124-55.517-124-124z"
        ],
        "tags": [
          "location",
          "map-marker",
          "pin"
        ],
        "defaultCode": 59720,
        "grid": 16,
        "attrs": []
      },
      "attrs": [],
      "properties": {
        "ligatures": "location2, map-marker2",
        "name": "location2",
        "order": 92,
        "id": 73,
        "prevSize": 32,
        "code": 59720
      },
      "setIdx": 0,
      "setId": 1,
      "iconIdx": 72
    },
    {
      "icon": {
        "paths": [
          "M512 0c-282.77 0-512 229.23-512 512s229.23 512 512 512 512-229.23 512-512-229.23-512-512-512zM96 512c0-229.75 186.25-416 416-416 109.574 0 209.232 42.386 283.534 111.628l-411.534 176.372-176.372 411.534c-69.242-74.302-111.628-173.96-111.628-283.534zM585.166 585.166l-256.082 109.75 109.75-256.082 146.332 146.332zM512 928c-109.574 0-209.234-42.386-283.532-111.628l411.532-176.372 176.372-411.532c69.242 74.298 111.628 173.958 111.628 283.532 0 229.75-186.25 416-416 416z"
        ],
        "tags": [
          "compass",
          "direction",
          "location"
        ],
        "defaultCode": 59722,
        "grid": 16,
        "attrs": []
      },
      "attrs": [],
      "properties": {
        "ligatures": "compass2, direction2",
        "name": "compass2",
        "order": 102,
        "id": 75,
        "prevSize": 32,
        "code": 59722
      },
      "setIdx": 0,
      "setId": 1,
      "iconIdx": 74
    },
    {
      "icon": {
        "paths": [
          "M512 128c-247.424 0-448 200.576-448 448s200.576 448 448 448 448-200.576 448-448-200.576-448-448-448zM512 936c-198.824 0-360-161.178-360-360 0-198.824 161.176-360 360-360 198.822 0 360 161.176 360 360 0 198.822-161.178 360-360 360zM934.784 287.174c16.042-28.052 25.216-60.542 25.216-95.174 0-106.040-85.96-192-192-192-61.818 0-116.802 29.222-151.92 74.596 131.884 27.236 245.206 105.198 318.704 212.578v0zM407.92 74.596c-35.116-45.374-90.102-74.596-151.92-74.596-106.040 0-192 85.96-192 192 0 34.632 9.174 67.122 25.216 95.174 73.5-107.38 186.822-185.342 318.704-212.578z",
          "M512 576v-256h-64v320h256v-64z"
        ],
        "tags": [
          "alarm",
          "time",
          "clock"
        ],
        "defaultCode": 59728,
        "grid": 16,
        "attrs": []
      },
      "attrs": [],
      "properties": {
        "ligatures": "alarm, time4",
        "name": "alarm",
        "order": 23,
        "id": 81,
        "prevSize": 32,
        "code": 59728
      },
      "setIdx": 0,
      "setId": 1,
      "iconIdx": 80
    },
    {
      "icon": {
        "paths": [
          "M1025.5 800c0-288-256-224-256-448 0-18.56-1.788-34.42-5.048-47.928-16.83-113.018-92.156-203.72-189.772-231.36 0.866-3.948 1.32-8.032 1.32-12.21 0-33.278-28.8-60.502-64-60.502s-64 27.224-64 60.5c0 4.18 0.456 8.264 1.32 12.21-109.47 30.998-190.914 141.298-193.254 273.442-0.040 1.92-0.066 3.864-0.066 5.846 0 224.002-256 160.002-256 448.002 0 76.226 170.59 139.996 398.97 156.080 21.524 40.404 64.056 67.92 113.030 67.92s91.508-27.516 113.030-67.92c228.38-16.084 398.97-79.854 398.97-156.080 0-0.228-0.026-0.456-0.028-0.682l1.528 0.682zM826.246 854.096c-54.23 14.47-118.158 24.876-186.768 30.648-5.704-65.418-60.582-116.744-127.478-116.744s-121.774 51.326-127.478 116.744c-68.608-5.772-132.538-16.178-186.768-30.648-74.63-19.914-110.31-42.19-123.368-54.096 13.058-11.906 48.738-34.182 123.368-54.096 86.772-23.152 198.372-35.904 314.246-35.904s227.474 12.752 314.246 35.904c74.63 19.914 110.31 42.19 123.368 54.096-13.058 11.906-48.738 34.182-123.368 54.096z"
        ],
        "tags": [
          "bell",
          "alarm",
          "notification"
        ],
        "defaultCode": 59729,
        "grid": 16,
        "attrs": []
      },
      "attrs": [],
      "properties": {
        "ligatures": "bell, alarm2",
        "name": "bell",
        "order": 26,
        "id": 82,
        "prevSize": 32,
        "code": 59729
      },
      "setIdx": 0,
      "setId": 1,
      "iconIdx": 81
    },
    {
      "icon": {
        "paths": [
          "M320 384h128v128h-128zM512 384h128v128h-128zM704 384h128v128h-128zM128 768h128v128h-128zM320 768h128v128h-128zM512 768h128v128h-128zM320 576h128v128h-128zM512 576h128v128h-128zM704 576h128v128h-128zM128 576h128v128h-128zM832 0v64h-128v-64h-448v64h-128v-64h-128v1024h960v-1024h-128zM896 960h-832v-704h832v704z"
        ],
        "tags": [
          "calendar",
          "date",
          "schedule",
          "time",
          "day"
        ],
        "defaultCode": 59731,
        "grid": 16,
        "attrs": []
      },
      "attrs": [],
      "properties": {
        "ligatures": "calendar, date",
        "name": "calendar",
        "order": 27,
        "id": 84,
        "prevSize": 32,
        "code": 59731
      },
      "setIdx": 0,
      "setId": 1,
      "iconIdx": 83
    },
    {
      "icon": {
        "paths": [
          "M512 576l256-256h-192v-256h-128v256h-192zM744.726 471.272l-71.74 71.742 260.080 96.986-421.066 157.018-421.066-157.018 260.080-96.986-71.742-71.742-279.272 104.728v256l512 192 512-192v-256z"
        ],
        "tags": [
          "download",
          "save",
          "store",
          "arrow"
        ],
        "defaultCode": 59744,
        "grid": 16,
        "attrs": []
      },
      "attrs": [],
      "properties": {
        "ligatures": "download, save",
        "name": "download",
        "order": 37,
        "id": 97,
        "prevSize": 32,
        "code": 59744
      },
      "setIdx": 0,
      "setId": 1,
      "iconIdx": 96
    },
    {
      "icon": {
        "paths": [
          "M448 576h128v-256h192l-256-256-256 256h192zM640 432v98.712l293.066 109.288-421.066 157.018-421.066-157.018 293.066-109.288v-98.712l-384 144v256l512 192 512-192v-256z"
        ],
        "tags": [
          "upload",
          "load",
          "arrow"
        ],
        "defaultCode": 59745,
        "grid": 16,
        "attrs": []
      },
      "attrs": [],
      "properties": {
        "ligatures": "upload, load",
        "name": "upload",
        "order": 36,
        "id": 98,
        "prevSize": 32,
        "code": 59745
      },
      "setIdx": 0,
      "setId": 1,
      "iconIdx": 97
    },
    {
      "icon": {
        "paths": [
          "M512 64c-141.384 0-269.376 57.32-362.032 149.978l-149.968-149.978v384h384l-143.532-143.522c69.496-69.492 165.492-112.478 271.532-112.478 212.068 0 384 171.924 384 384 0 114.696-50.292 217.636-130.018 288l84.666 96c106.302-93.816 173.352-231.076 173.352-384 0-282.77-229.23-512-512-512z"
        ],
        "tags": [
          "undo",
          "ccw",
          "arrow"
        ],
        "defaultCode": 59749,
        "grid": 16,
        "attrs": []
      },
      "attrs": [],
      "properties": {
        "ligatures": "undo, ccw",
        "name": "undo",
        "order": 35,
        "id": 102,
        "prevSize": 32,
        "code": 59749
      },
      "setIdx": 0,
      "setId": 1,
      "iconIdx": 101
    },
    {
      "icon": {
        "paths": [
          "M0 576c0 152.924 67.048 290.184 173.35 384l84.666-96c-79.726-70.364-130.016-173.304-130.016-288 0-212.076 171.93-384 384-384 106.042 0 202.038 42.986 271.53 112.478l-143.53 143.522h384v-384l-149.97 149.978c-92.654-92.658-220.644-149.978-362.030-149.978-282.77 0-512 229.23-512 512z"
        ],
        "tags": [
          "redo",
          "cw",
          "arrow"
        ],
        "defaultCode": 59750,
        "grid": 16,
        "attrs": []
      },
      "attrs": [],
      "properties": {
        "ligatures": "redo, cw",
        "name": "redo",
        "order": 34,
        "id": 103,
        "prevSize": 32,
        "code": 59750
      },
      "setIdx": 0,
      "setId": 1,
      "iconIdx": 102
    },
    {
      "icon": {
        "paths": [
          "M761.862 1024c113.726-206.032 132.888-520.306-313.862-509.824v253.824l-384-384 384-384v248.372c534.962-13.942 594.57 472.214 313.862 775.628z"
        ],
        "tags": [
          "undo",
          "left",
          "arrow-left"
        ],
        "defaultCode": 59751,
        "grid": 16,
        "attrs": []
      },
      "attrs": [],
      "properties": {
        "ligatures": "undo2, left",
        "name": "undo2",
        "order": 30,
        "id": 104,
        "prevSize": 32,
        "code": 59751
      },
      "setIdx": 0,
      "setId": 1,
      "iconIdx": 103
    },
    {
      "icon": {
        "paths": [
          "M576 248.372v-248.372l384 384-384 384v-253.824c-446.75-10.482-427.588 303.792-313.86 509.824-280.712-303.414-221.1-789.57 313.86-775.628z"
        ],
        "tags": [
          "redo",
          "right",
          "arrow-right"
        ],
        "defaultCode": 59752,
        "grid": 16,
        "attrs": []
      },
      "attrs": [],
      "properties": {
        "ligatures": "redo2, right",
        "name": "redo2",
        "order": 31,
        "id": 105,
        "prevSize": 32,
        "code": 59752
      },
      "setIdx": 0,
      "setId": 1,
      "iconIdx": 104
    },
    {
      "icon": {
        "paths": [
          "M262.14 0c-113.728 206.032-132.89 520.304 313.86 509.824v-253.824l384 384-384 384v-248.372c-534.96 13.942-594.572-472.214-313.86-775.628z"
        ],
        "tags": [
          "forward",
          "right",
          "arrow-right"
        ],
        "defaultCode": 59753,
        "grid": 16,
        "attrs": []
      },
      "attrs": [],
      "properties": {
        "ligatures": "forward, right2",
        "name": "forward",
        "order": 32,
        "id": 106,
        "prevSize": 32,
        "code": 59753
      },
      "setIdx": 0,
      "setId": 1,
      "iconIdx": 105
    },
    {
      "icon": {
        "paths": [
          "M448 775.628v248.372l-384-384 384-384v253.824c446.75 10.48 427.588-303.792 313.862-509.824 280.71 303.414 221.1 789.57-313.862 775.628z"
        ],
        "tags": [
          "reply",
          "left",
          "arrow-left"
        ],
        "defaultCode": 59754,
        "grid": 16,
        "attrs": []
      },
      "attrs": [],
      "properties": {
        "ligatures": "reply, left2",
        "name": "reply",
        "order": 33,
        "id": 107,
        "prevSize": 32,
        "code": 59754
      },
      "setIdx": 0,
      "setId": 1,
      "iconIdx": 106
    },
    {
      "icon": {
        "width": 1152,
        "paths": [
          "M1088 901.166c0 45.5 26.028 84.908 64 104.184v15.938c-10.626 1.454-21.472 2.224-32.5 2.224-68.008 0-129.348-28.528-172.722-74.264-26.222 6.982-54.002 10.752-82.778 10.752-159.058 0-288-114.616-288-256s128.942-256 288-256c159.058 0 288 114.616 288 256 0 55.348-19.764 106.592-53.356 148.466-6.824 14.824-10.644 31.312-10.644 48.7zM512 0c278.458 0 504.992 180.614 511.836 405.52-49.182-21.92-103.586-33.52-159.836-33.52-95.56 0-185.816 33.446-254.138 94.178-70.846 62.972-109.862 147.434-109.862 237.822 0 44.672 9.544 87.888 27.736 127.788-5.228 0.126-10.468 0.212-15.736 0.212-27.156 0-53.81-1.734-79.824-5.044-109.978 109.978-241.25 129.7-368.176 132.596v-26.916c68.536-33.578 128-94.74 128-164.636 0-9.754-0.758-19.33-2.164-28.696-115.796-76.264-189.836-192.754-189.836-323.304 0-229.75 229.23-416 512-416z"
        ],
        "tags": [
          "bubbles",
          "comments",
          "chat",
          "talk"
        ],
        "defaultCode": 59756,
        "grid": 16,
        "attrs": []
      },
      "attrs": [],
      "properties": {
        "ligatures": "bubbles, comments",
        "name": "bubbles",
        "order": 29,
        "id": 109,
        "prevSize": 32,
        "code": 59756
      },
      "setIdx": 0,
      "setId": 1,
      "iconIdx": 108
    },
    {
      "icon": {
        "paths": [
          "M576 706.612v-52.78c70.498-39.728 128-138.772 128-237.832 0-159.058 0-288-192-288s-192 128.942-192 288c0 99.060 57.502 198.104 128 237.832v52.78c-217.102 17.748-384 124.42-384 253.388h896c0-128.968-166.898-235.64-384-253.388z"
        ],
        "tags": [
          "user",
          "profile",
          "avatar",
          "person",
          "member"
        ],
        "defaultCode": 59761,
        "grid": 16,
        "attrs": []
      },
      "attrs": [],
      "properties": {
        "ligatures": "user, profile2",
        "name": "user",
        "order": 38,
        "id": 114,
        "prevSize": 32,
        "code": 59761
      },
      "setIdx": 0,
      "setId": 1,
      "iconIdx": 113
    },
    {
      "icon": {
        "width": 1152,
        "paths": [
          "M768 770.612v-52.78c70.498-39.728 128-138.772 128-237.832 0-159.058 0-288-192-288s-192 128.942-192 288c0 99.060 57.502 198.104 128 237.832v52.78c-217.102 17.748-384 124.42-384 253.388h896c0-128.968-166.898-235.64-384-253.388z",
          "M327.196 795.328c55.31-36.15 124.080-63.636 199.788-80.414-15.054-17.784-28.708-37.622-40.492-59.020-30.414-55.234-46.492-116.058-46.492-175.894 0-86.042 0-167.31 30.6-233.762 29.706-64.504 83.128-104.496 159.222-119.488-16.914-76.48-61.94-126.75-181.822-126.75-192 0-192 128.942-192 288 0 99.060 57.502 198.104 128 237.832v52.78c-217.102 17.748-384 124.42-384 253.388h279.006c14.518-12.91 30.596-25.172 48.19-36.672z"
        ],
        "tags": [
          "users",
          "group",
          "team",
          "members",
          "community",
          "collaborate"
        ],
        "defaultCode": 59762,
        "grid": 16,
        "attrs": []
      },
      "attrs": [],
      "properties": {
        "ligatures": "users, group",
        "name": "users",
        "order": 39,
        "id": 115,
        "prevSize": 32,
        "code": 59762
      },
      "setIdx": 0,
      "setId": 1,
      "iconIdx": 114
    },
    {
      "icon": {
        "width": 1024,
        "paths": [
          "M960 608l-288 288-96-96-64 64 160 160 352-352z",
          "M448 768h320v-115.128c-67.22-39.2-156.308-66.11-256-74.26v-52.78c70.498-39.728 128-138.772 128-237.832 0-159.058 0-288-192-288s-192 128.942-192 288c0 99.060 57.502 198.104 128 237.832v52.78c-217.102 17.748-384 124.42-384 253.388h448v-64z"
        ],
        "tags": [
          "user-check",
          "user",
          "user-tick",
          "profile",
          "avatar",
          "person",
          "member"
        ],
        "defaultCode": 59765,
        "grid": 16,
        "attrs": []
      },
      "attrs": [],
      "properties": {
        "ligatures": "user-check, user4",
        "name": "user-check",
        "order": 87,
        "id": 118,
        "prevSize": 32,
        "code": 59765
      },
      "setIdx": 0,
      "setId": 1,
      "iconIdx": 117
    },
    {
      "icon": {
        "paths": [
          "M320 192c0-106.039 85.961-192 192-192s192 85.961 192 192c0 106.039-85.961 192-192 192s-192-85.961-192-192zM768.078 448h-35.424l-199.104 404.244 74.45-372.244-96-96-96 96 74.45 372.244-199.102-404.244h-35.424c-127.924 0-127.924 85.986-127.924 192v320h768v-320c0-106.014 0-192-127.922-192z"
        ],
        "tags": [
          "user-tie",
          "user",
          "user-employee",
          "profile",
          "avatar",
          "person",
          "member",
          "job",
          "official"
        ],
        "defaultCode": 59766,
        "grid": 16,
        "attrs": []
      },
      "attrs": [],
      "properties": {
        "ligatures": "user-tie, user5",
        "name": "user-tie",
        "order": 88,
        "id": 119,
        "prevSize": 32,
        "code": 59766
      },
      "setIdx": 0,
      "setId": 1,
      "iconIdx": 118
    },
    {
      "icon": {
        "paths": [
          "M225 448c123.712 0 224 100.29 224 224 0 123.712-100.288 224-224 224s-224-100.288-224-224l-1-32c0-247.424 200.576-448 448-448v128c-85.474 0-165.834 33.286-226.274 93.726-11.634 11.636-22.252 24.016-31.83 37.020 11.438-1.8 23.16-2.746 35.104-2.746zM801 448c123.71 0 224 100.29 224 224 0 123.712-100.29 224-224 224s-224-100.288-224-224l-1-32c0-247.424 200.576-448 448-448v128c-85.474 0-165.834 33.286-226.274 93.726-11.636 11.636-22.254 24.016-31.832 37.020 11.44-1.8 23.16-2.746 35.106-2.746z"
        ],
        "tags": [
          "quotes-left",
          "ldquo"
        ],
        "defaultCode": 59767,
        "grid": 16,
        "attrs": []
      },
      "attrs": [],
      "properties": {
        "ligatures": "quotes-left, ldquo",
        "name": "quotes-left",
        "order": 89,
        "id": 120,
        "prevSize": 32,
        "code": 59767
      },
      "setIdx": 0,
      "setId": 1,
      "iconIdx": 119
    },
    {
      "icon": {
        "paths": [
          "M800 640c-123.712 0-224-100.29-224-224 0-123.712 100.288-224 224-224s224 100.288 224 224l1 32c0 247.424-200.576 448-448 448v-128c85.474 0 165.834-33.286 226.274-93.726 11.634-11.636 22.252-24.016 31.83-37.020-11.438 1.8-23.16 2.746-35.104 2.746zM224 640c-123.71 0-224-100.29-224-224 0-123.712 100.29-224 224-224s224 100.288 224 224l1 32c0 247.424-200.576 448-448 448v-128c85.474 0 165.834-33.286 226.274-93.726 11.636-11.636 22.254-24.016 31.832-37.020-11.44 1.8-23.16 2.746-35.106 2.746z"
        ],
        "tags": [
          "quotes-right",
          "rdquo"
        ],
        "defaultCode": 59768,
        "grid": 16,
        "attrs": []
      },
      "attrs": [],
      "properties": {
        "ligatures": "quotes-right, rdquo",
        "name": "quotes-right",
        "order": 90,
        "id": 121,
        "prevSize": 32,
        "code": 59768
      },
      "setIdx": 0,
      "setId": 1,
      "iconIdx": 120
    },
    {
      "icon": {
        "paths": [
          "M512 0c-278.748 0-505.458 222.762-511.848 499.974 5.92-241.864 189.832-435.974 415.848-435.974 229.75 0 416 200.576 416 448 0 53.020 42.98 96 96 96s96-42.98 96-96c0-282.77-229.23-512-512-512zM512 1024c278.748 0 505.458-222.762 511.848-499.974-5.92 241.864-189.832 435.974-415.848 435.974-229.75 0-416-200.576-416-448 0-53.020-42.98-96-96-96s-96 42.98-96 96c0 282.77 229.23 512 512 512z"
        ],
        "tags": [
          "spinner",
          "loading",
          "loading-wheel",
          "busy",
          "wait"
        ],
        "defaultCode": 59778,
        "grid": 16,
        "attrs": []
      },
      "attrs": [],
      "properties": {
        "ligatures": "spinner9, loading10",
        "name": "spinner9",
        "order": 91,
        "id": 131,
        "prevSize": 32,
        "code": 59778
      },
      "setIdx": 0,
      "setId": 1,
      "iconIdx": 130
    },
    {
      "icon": {
        "paths": [
          "M992.262 871.396l-242.552-206.294c-25.074-22.566-51.89-32.926-73.552-31.926 57.256-67.068 91.842-154.078 91.842-249.176 0-212.078-171.922-384-384-384-212.076 0-384 171.922-384 384s171.922 384 384 384c95.098 0 182.108-34.586 249.176-91.844-1 21.662 9.36 48.478 31.926 73.552l206.294 242.552c35.322 39.246 93.022 42.554 128.22 7.356s31.892-92.898-7.354-128.22zM384 640c-141.384 0-256-114.616-256-256s114.616-256 256-256 256 114.616 256 256-114.614 256-256 256z"
        ],
        "tags": [
          "search",
          "magnifier",
          "magnifying-glass",
          "inspect",
          "find"
        ],
        "defaultCode": 59782,
        "grid": 16,
        "attrs": []
      },
      "attrs": [],
      "properties": {
        "ligatures": "search, magnifier",
        "name": "search",
        "order": 40,
        "id": 135,
        "prevSize": 32,
        "code": 59782
      },
      "setIdx": 0,
      "setId": 1,
      "iconIdx": 134
    },
    {
      "icon": {
        "paths": [
          "M992.262 871.396l-242.552-206.294c-25.074-22.566-51.89-32.926-73.552-31.926 57.256-67.068 91.842-154.078 91.842-249.176 0-212.078-171.922-384-384-384-212.076 0-384 171.922-384 384s171.922 384 384 384c95.098 0 182.108-34.586 249.176-91.844-1 21.662 9.36 48.478 31.926 73.552l206.294 242.552c35.322 39.246 93.022 42.554 128.22 7.356s31.892-92.898-7.354-128.22zM384 640c-141.384 0-256-114.616-256-256s114.616-256 256-256 256 114.616 256 256-114.614 256-256 256zM448 192h-128v128h-128v128h128v128h128v-128h128v-128h-128z"
        ],
        "tags": [
          "zoom-in",
          "magnifier",
          "magnifier-plus",
          "enlarge"
        ],
        "defaultCode": 59783,
        "grid": 16,
        "attrs": []
      },
      "attrs": [],
      "properties": {
        "ligatures": "zoom-in, magnifier2",
        "name": "zoom-in",
        "order": 86,
        "id": 136,
        "prevSize": 32,
        "code": 59783
      },
      "setIdx": 0,
      "setId": 1,
      "iconIdx": 135
    },
    {
      "icon": {
        "paths": [
          "M992.262 871.396l-242.552-206.294c-25.074-22.566-51.89-32.926-73.552-31.926 57.256-67.068 91.842-154.078 91.842-249.176 0-212.078-171.922-384-384-384-212.076 0-384 171.922-384 384s171.922 384 384 384c95.098 0 182.108-34.586 249.176-91.844-1 21.662 9.36 48.478 31.926 73.552l206.294 242.552c35.322 39.246 93.022 42.554 128.22 7.356s31.892-92.898-7.354-128.22zM384 640c-141.384 0-256-114.616-256-256s114.616-256 256-256 256 114.616 256 256-114.614 256-256 256zM192 320h384v128h-384z"
        ],
        "tags": [
          "zoom-out",
          "magnifier",
          "magnifier-minus",
          "reduce"
        ],
        "defaultCode": 59784,
        "grid": 16,
        "attrs": []
      },
      "attrs": [],
      "properties": {
        "ligatures": "zoom-out, magnifier3",
        "name": "zoom-out",
        "order": 85,
        "id": 137,
        "prevSize": 32,
        "code": 59784
      },
      "setIdx": 0,
      "setId": 1,
      "iconIdx": 136
    },
    {
      "icon": {
        "paths": [
          "M448 128v-16c0-26.4-21.6-48-48-48h-160c-26.4 0-48 21.6-48 48v16h-192v128h192v16c0 26.4 21.6 48 48 48h160c26.4 0 48-21.6 48-48v-16h576v-128h-576zM256 256v-128h128v128h-128zM832 432c0-26.4-21.6-48-48-48h-160c-26.4 0-48 21.6-48 48v16h-576v128h576v16c0 26.4 21.6 48 48 48h160c26.4 0 48-21.6 48-48v-16h192v-128h-192v-16zM640 576v-128h128v128h-128zM448 752c0-26.4-21.6-48-48-48h-160c-26.4 0-48 21.6-48 48v16h-192v128h192v16c0 26.4 21.6 48 48 48h160c26.4 0 48-21.6 48-48v-16h576v-128h-576v-16zM256 896v-128h128v128h-128z"
        ],
        "tags": [
          "equalizer",
          "sliders",
          "settings",
          "preferences",
          "dashboard",
          "control"
        ],
        "defaultCode": 59794,
        "grid": 16,
        "attrs": []
      },
      "attrs": [],
      "properties": {
        "ligatures": "equalizer, sliders",
        "name": "equalizer",
        "order": 103,
        "id": 147,
        "prevSize": 32,
        "code": 59794
      },
      "setIdx": 0,
      "setId": 1,
      "iconIdx": 146
    },
    {
      "icon": {
        "paths": [
          "M933.79 610.25c-53.726-93.054-21.416-212.304 72.152-266.488l-100.626-174.292c-28.75 16.854-62.176 26.518-97.846 26.518-107.536 0-194.708-87.746-194.708-195.99h-201.258c0.266 33.41-8.074 67.282-25.958 98.252-53.724 93.056-173.156 124.702-266.862 70.758l-100.624 174.292c28.97 16.472 54.050 40.588 71.886 71.478 53.638 92.908 21.512 211.92-71.708 266.224l100.626 174.292c28.65-16.696 61.916-26.254 97.4-26.254 107.196 0 194.144 87.192 194.7 194.958h201.254c-0.086-33.074 8.272-66.57 25.966-97.218 53.636-92.906 172.776-124.594 266.414-71.012l100.626-174.29c-28.78-16.466-53.692-40.498-71.434-71.228zM512 719.332c-114.508 0-207.336-92.824-207.336-207.334 0-114.508 92.826-207.334 207.336-207.334 114.508 0 207.332 92.826 207.332 207.334-0.002 114.51-92.824 207.334-207.332 207.334z"
        ],
        "tags": [
          "cog",
          "gear",
          "preferences",
          "settings",
          "generate",
          "control",
          "options"
        ],
        "defaultCode": 59796,
        "grid": 16,
        "attrs": []
      },
      "attrs": [],
      "properties": {
        "ligatures": "cog, gear",
        "name": "cog",
        "order": 46,
        "id": 149,
        "prevSize": 32,
        "code": 59796
      },
      "setIdx": 0,
      "setId": 1,
      "iconIdx": 148
    },
    {
      "icon": {
        "paths": [
          "M448 576v-448c-247.424 0-448 200.576-448 448s200.576 448 448 448 448-200.576 448-448c0-72.034-17.028-140.084-47.236-200.382l-400.764 200.382zM912.764 247.618c-73.552-146.816-225.374-247.618-400.764-247.618v448l400.764-200.382z"
        ],
        "tags": [
          "pie-chart",
          "stats",
          "statistics",
          "graph"
        ],
        "defaultCode": 59802,
        "grid": 16,
        "attrs": []
      },
      "attrs": [],
      "properties": {
        "ligatures": "pie-chart, stats",
        "name": "pie-chart",
        "order": 50,
        "id": 155,
        "prevSize": 32,
        "code": 59802
      },
      "setIdx": 0,
      "setId": 1,
      "iconIdx": 154
    },
    {
      "icon": {
        "paths": [
          "M128 896h896v128h-1024v-1024h128zM288 832c-53.020 0-96-42.98-96-96s42.98-96 96-96c2.828 0 5.622 0.148 8.388 0.386l103.192-171.986c-9.84-15.070-15.58-33.062-15.58-52.402 0-53.020 42.98-96 96-96s96 42.98 96 96c0 19.342-5.74 37.332-15.58 52.402l103.192 171.986c2.766-0.238 5.56-0.386 8.388-0.386 2.136 0 4.248 0.094 6.35 0.23l170.356-298.122c-10.536-15.408-16.706-34.036-16.706-54.11 0-53.020 42.98-96 96-96s96 42.98 96 96c0 53.020-42.98 96-96 96-2.14 0-4.248-0.094-6.35-0.232l-170.356 298.124c10.536 15.406 16.706 34.036 16.706 54.11 0 53.020-42.98 96-96 96s-96-42.98-96-96c0-19.34 5.74-37.332 15.578-52.402l-103.19-171.984c-2.766 0.238-5.56 0.386-8.388 0.386s-5.622-0.146-8.388-0.386l-103.192 171.986c9.84 15.068 15.58 33.060 15.58 52.4 0 53.020-42.98 96-96 96z"
        ],
        "tags": [
          "stats-dots",
          "stats",
          "plot",
          "statistics",
          "chart"
        ],
        "defaultCode": 59803,
        "grid": 16,
        "attrs": []
      },
      "attrs": [],
      "properties": {
        "ligatures": "stats-dots, stats2",
        "name": "stats-dots",
        "order": 48,
        "id": 156,
        "prevSize": 32,
        "code": 59803
      },
      "setIdx": 0,
      "setId": 1,
      "iconIdx": 155
    },
    {
      "icon": {
        "paths": [
          "M0 832h1024v128h-1024zM128 576h128v192h-128zM320 320h128v448h-128zM512 512h128v256h-128zM704 128h128v640h-128z"
        ],
        "tags": [
          "stats-bars",
          "stats",
          "statistics",
          "chart"
        ],
        "defaultCode": 59804,
        "grid": 16,
        "attrs": []
      },
      "attrs": [],
      "properties": {
        "ligatures": "stats-bars, stats3",
        "name": "stats-bars",
        "order": 49,
        "id": 157,
        "prevSize": 32,
        "code": 59804
      },
      "setIdx": 0,
      "setId": 1,
      "iconIdx": 156
    },
    {
      "icon": {
        "paths": [
          "M128 320v640c0 35.2 28.8 64 64 64h576c35.2 0 64-28.8 64-64v-640h-704zM320 896h-64v-448h64v448zM448 896h-64v-448h64v448zM576 896h-64v-448h64v448zM704 896h-64v-448h64v448z",
          "M848 128h-208v-80c0-26.4-21.6-48-48-48h-224c-26.4 0-48 21.6-48 48v80h-208c-26.4 0-48 21.6-48 48v80h832v-80c0-26.4-21.6-48-48-48zM576 128h-192v-63.198h192v63.198z"
        ],
        "tags": [
          "bin",
          "trashcan",
          "remove",
          "delete",
          "recycle",
          "dispose"
        ],
        "defaultCode": 59820,
        "grid": 16,
        "attrs": []
      },
      "attrs": [],
      "properties": {
        "ligatures": "bin, trashcan",
        "name": "bin",
        "order": 51,
        "id": 173,
        "prevSize": 32,
        "code": 59820
      },
      "setIdx": 0,
      "setId": 1,
      "iconIdx": 172
    },
    {
      "icon": {
        "paths": [
          "M640 146.588v135.958c36.206 15.804 69.5 38.408 98.274 67.18 60.442 60.44 93.726 140.8 93.726 226.274s-33.286 165.834-93.726 226.274c-60.44 60.44-140.798 93.726-226.274 93.726s-165.834-33.286-226.274-93.726c-60.44-60.44-93.726-140.8-93.726-226.274s33.286-165.834 93.726-226.274c28.774-28.774 62.068-51.378 98.274-67.182v-135.956c-185.048 55.080-320 226.472-320 429.412 0 247.424 200.578 448 448 448 247.424 0 448-200.576 448-448 0-202.94-134.95-374.332-320-429.412zM448 0h128v512h-128z"
        ],
        "tags": [
          "switch"
        ],
        "defaultCode": 59830,
        "grid": 16,
        "attrs": []
      },
      "attrs": [],
      "properties": {
        "ligatures": "switch",
        "name": "switch",
        "order": 52,
        "id": 183,
        "prevSize": 32,
        "code": 59830
      },
      "setIdx": 0,
      "setId": 1,
      "iconIdx": 182
    },
    {
      "icon": {
        "paths": [
          "M928 128h-288c0-70.692-57.306-128-128-128-70.692 0-128 57.308-128 128h-288c-17.672 0-32 14.328-32 32v832c0 17.674 14.328 32 32 32h832c17.674 0 32-14.326 32-32v-832c0-17.672-14.326-32-32-32zM512 64c35.346 0 64 28.654 64 64s-28.654 64-64 64c-35.346 0-64-28.654-64-64s28.654-64 64-64zM896 960h-768v-768h128v96c0 17.672 14.328 32 32 32h448c17.674 0 32-14.328 32-32v-96h128v768z",
          "M448 858.51l-205.254-237.254 58.508-58.51 146.746 114.744 274.742-242.744 58.514 58.508z"
        ],
        "tags": [
          "clipboard",
          "board",
          "signup",
          "register",
          "agreement"
        ],
        "defaultCode": 59832,
        "grid": 16,
        "attrs": []
      },
      "attrs": [],
      "properties": {
        "ligatures": "clipboard, board",
        "name": "clipboard",
        "order": 104,
        "id": 185,
        "prevSize": 32,
        "code": 59832
      },
      "setIdx": 0,
      "setId": 1,
      "iconIdx": 184
    },
    {
      "icon": {
        "paths": [
          "M976 768h-16v-208c0-61.756-50.242-112-112-112h-272v-128h16c26.4 0 48-21.6 48-48v-160c0-26.4-21.6-48-48-48h-160c-26.4 0-48 21.6-48 48v160c0 26.4 21.6 48 48 48h16v128h-272c-61.756 0-112 50.244-112 112v208h-16c-26.4 0-48 21.6-48 48v160c0 26.4 21.6 48 48 48h160c26.4 0 48-21.6 48-48v-160c0-26.4-21.6-48-48-48h-16v-192h256v192h-16c-26.4 0-48 21.6-48 48v160c0 26.4 21.6 48 48 48h160c26.4 0 48-21.6 48-48v-160c0-26.4-21.6-48-48-48h-16v-192h256v192h-16c-26.4 0-48 21.6-48 48v160c0 26.4 21.6 48 48 48h160c26.4 0 48-21.6 48-48v-160c0-26.4-21.6-48-48-48zM192 960h-128v-128h128v128zM576 960h-128v-128h128v128zM448 256v-128h128v128h-128zM960 960h-128v-128h128v128z"
        ],
        "tags": [
          "tree",
          "branches",
          "inheritance"
        ],
        "defaultCode": 59836,
        "grid": 16,
        "attrs": []
      },
      "attrs": [],
      "properties": {
        "ligatures": "tree, branches",
        "name": "tree",
        "order": 105,
        "id": 189,
        "prevSize": 32,
        "code": 59836
      },
      "setIdx": 0,
      "setId": 1,
      "iconIdx": 188
    },
    {
      "icon": {
        "paths": [
          "M64 192h896v192h-896zM64 448h896v192h-896zM64 704h896v192h-896z"
        ],
        "tags": [
          "menu",
          "list",
          "options",
          "lines",
          "hamburger"
        ],
        "defaultCode": 59837,
        "grid": 16,
        "attrs": []
      },
      "attrs": [],
      "properties": {
        "ligatures": "menu, list3",
        "name": "menu",
        "order": 47,
        "id": 190,
        "prevSize": 32,
        "code": 59837
      },
      "setIdx": 0,
      "setId": 1,
      "iconIdx": 189
    },
    {
      "icon": {
        "paths": [
          "M665.832 327.048l-64.952-64.922-324.81 324.742c-53.814 53.792-53.814 141.048 0 194.844 53.804 53.792 141.060 53.792 194.874 0l389.772-389.708c89.714-89.662 89.714-235.062 0-324.726-89.666-89.704-235.112-89.704-324.782 0l-409.23 409.178c-0.29 0.304-0.612 0.576-0.876 0.846-125.102 125.096-125.102 327.856 0 452.906 125.054 125.056 327.868 125.056 452.988 0 0.274-0.274 0.516-0.568 0.82-0.876l0.032 0.034 279.332-279.292-64.986-64.92-279.33 279.262c-0.296 0.268-0.564 0.57-0.846 0.844-89.074 89.058-233.98 89.058-323.076 0-89.062-89.042-89.062-233.922 0-322.978 0.304-0.304 0.604-0.582 0.888-0.846l-0.046-0.060 409.28-409.166c53.712-53.738 141.144-53.738 194.886 0 53.712 53.734 53.712 141.148 0 194.84l-389.772 389.7c-17.936 17.922-47.054 17.922-64.972 0-17.894-17.886-17.894-47.032 0-64.92l324.806-324.782z"
        ],
        "tags": [
          "attachment",
          "paperclip"
        ],
        "defaultCode": 59853,
        "grid": 16,
        "attrs": []
      },
      "attrs": [],
      "properties": {
        "ligatures": "attachment, paperclip",
        "name": "attachment",
        "order": 53,
        "id": 206,
        "prevSize": 32,
        "code": 59853
      },
      "setIdx": 0,
      "setId": 1,
      "iconIdx": 205
    },
    {
      "icon": {
        "paths": [
          "M192 0v1024l320-320 320 320v-1024z"
        ],
        "tags": [
          "bookmark",
          "ribbon"
        ],
        "defaultCode": 59858,
        "grid": 16,
        "attrs": []
      },
      "attrs": [],
      "properties": {
        "ligatures": "bookmark, ribbon",
        "name": "bookmark",
        "order": 106,
        "id": 211,
        "prevSize": 32,
        "code": 59858
      },
      "setIdx": 0,
      "setId": 1,
      "iconIdx": 210
    },
    {
      "icon": {
        "paths": [
          "M755.188 64c-107.63 0-200.258 87.554-243.164 179-42.938-91.444-135.578-179-243.216-179-148.382 0-268.808 120.44-268.808 268.832 0 301.846 304.5 380.994 512.022 679.418 196.154-296.576 511.978-387.206 511.978-679.418 0-148.392-120.43-268.832-268.812-268.832z"
        ],
        "tags": [
          "heart",
          "like",
          "love",
          "favorite"
        ],
        "defaultCode": 59866,
        "grid": 16,
        "attrs": []
      },
      "attrs": [],
      "properties": {
        "ligatures": "heart, like",
        "name": "heart",
        "order": 54,
        "id": 219,
        "prevSize": 32,
        "code": 59866
      },
      "setIdx": 0,
      "setId": 1,
      "iconIdx": 218
    },
    {
      "icon": {
        "paths": [
          "M576 96c0 53.019-42.981 96-96 96s-96-42.981-96-96c0-53.019 42.981-96 96-96s96 42.981 96 96z",
          "M576 256h-192c-35.346 0-64 28.654-64 64v320h64v384h80v-384h32v384h80v-384h64v-320c0-35.346-28.652-64-64-64z"
        ],
        "tags": [
          "man",
          "male",
          "gender",
          "sex"
        ],
        "defaultCode": 59868,
        "grid": 16,
        "attrs": []
      },
      "attrs": [],
      "properties": {
        "ligatures": "man, male",
        "name": "man",
        "order": 55,
        "id": 221,
        "prevSize": 32,
        "code": 59868
      },
      "setIdx": 0,
      "setId": 1,
      "iconIdx": 220
    },
    {
      "icon": {
        "paths": [
          "M576 96c0 53.019-42.981 96-96 96s-96-42.981-96-96c0-53.019 42.981-96 96-96s96 42.981 96 96z",
          "M719 512l49-35.5-133.286-206.116c-5.92-8.98-15.958-14.384-26.714-14.384h-256c-10.756 0-20.792 5.404-26.714 14.384l-133.286 206.116 49 35.5 110.644-143.596 38.458 89.74-134.102 245.856h122.666l21.334 320h64v-320h32v320h64l21.334-320h122.666l-134.104-245.858 38.458-89.74 110.646 143.598z"
        ],
        "tags": [
          "woman",
          "female",
          "gender",
          "sex"
        ],
        "defaultCode": 59869,
        "grid": 16,
        "attrs": []
      },
      "attrs": [],
      "properties": {
        "ligatures": "woman, female",
        "name": "woman",
        "order": 56,
        "id": 222,
        "prevSize": 32,
        "code": 59869
      },
      "setIdx": 0,
      "setId": 1,
      "iconIdx": 221
    },
    {
      "icon": {
        "paths": [
          "M384 512h-320v-128h320v-128l192 192-192 192zM1024 0v832l-384 192v-192h-384v-256h64v192h320v-576l256-128h-576v256h-64v-320z"
        ],
        "tags": [
          "enter",
          "signin",
          "login"
        ],
        "defaultCode": 59923,
        "grid": 16,
        "attrs": []
      },
      "attrs": [],
      "properties": {
        "ligatures": "enter, signin",
        "name": "enter",
        "order": 58,
        "id": 276,
        "prevSize": 32,
        "code": 59923
      },
      "setIdx": 0,
      "setId": 1,
      "iconIdx": 275
    },
    {
      "icon": {
        "paths": [
          "M768 640v-128h-320v-128h320v-128l192 192zM704 576v256h-320v192l-384-192v-832h704v320h-64v-256h-512l256 128v576h256v-192z"
        ],
        "tags": [
          "exit",
          "signout",
          "logout",
          "quit",
          "close"
        ],
        "defaultCode": 59924,
        "grid": 16,
        "attrs": []
      },
      "attrs": [],
      "properties": {
        "ligatures": "exit, signout",
        "name": "exit",
        "order": 57,
        "id": 277,
        "prevSize": 32,
        "code": 59924
      },
      "setIdx": 0,
      "setId": 1,
      "iconIdx": 276
    },
    {
      "icon": {
        "paths": [
          "M192 128l640 384-640 384z"
        ],
        "tags": [
          "play",
          "player"
        ],
        "defaultCode": 59932,
        "grid": 16,
        "attrs": []
      },
      "attrs": [],
      "properties": {
        "ligatures": "play3, player8",
        "name": "play3",
        "order": 59,
        "id": 285,
        "prevSize": 32,
        "code": 59932
      },
      "setIdx": 0,
      "setId": 1,
      "iconIdx": 284
    },
    {
      "icon": {
        "paths": [
          "M128 128h320v768h-320zM576 128h320v768h-320z"
        ],
        "tags": [
          "pause",
          "player"
        ],
        "defaultCode": 59933,
        "grid": 16,
        "attrs": []
      },
      "attrs": [],
      "properties": {
        "ligatures": "pause2, player9",
        "name": "pause2",
        "order": 60,
        "id": 286,
        "prevSize": 32,
        "code": 59933
      },
      "setIdx": 0,
      "setId": 1,
      "iconIdx": 285
    },
    {
      "icon": {
        "paths": [
          "M128 128h768v768h-768z"
        ],
        "tags": [
          "stop",
          "player",
          "square"
        ],
        "defaultCode": 59934,
        "grid": 16,
        "attrs": []
      },
      "attrs": [],
      "properties": {
        "ligatures": "stop2, player10",
        "name": "stop2",
        "order": 61,
        "id": 287,
        "prevSize": 32,
        "code": 59934
      },
      "setIdx": 0,
      "setId": 1,
      "iconIdx": 286
    },
    {
      "icon": {
        "paths": [
          "M0 736l256-256 544 544 224-224-544-544 255.998-256h-735.998v736z"
        ],
        "tags": [
          "arrow-up-left",
          "up-left",
          "arrow-top-left"
        ],
        "defaultCode": 59953,
        "grid": 16,
        "attrs": []
      },
      "attrs": [],
      "properties": {
        "ligatures": "arrow-up-left, up-left",
        "name": "arrow-up-left",
        "order": 62,
        "id": 306,
        "prevSize": 32,
        "code": 59953
      },
      "setIdx": 0,
      "setId": 1,
      "iconIdx": 305
    },
    {
      "icon": {
        "paths": [
          "M512 32l-480 480h288v512h384v-512h288z"
        ],
        "tags": [
          "arrow-up",
          "up",
          "upload",
          "top"
        ],
        "defaultCode": 59954,
        "grid": 16,
        "attrs": []
      },
      "attrs": [],
      "properties": {
        "ligatures": "arrow-up, up",
        "name": "arrow-up",
        "order": 63,
        "id": 307,
        "prevSize": 32,
        "code": 59954
      },
      "setIdx": 0,
      "setId": 1,
      "iconIdx": 306
    },
    {
      "icon": {
        "paths": [
          "M288 0l256 256-544 544 224 224 544-544 256 255.998v-735.998h-736z"
        ],
        "tags": [
          "arrow-up-right",
          "up-right",
          "arrow-top-right"
        ],
        "defaultCode": 59955,
        "grid": 16,
        "attrs": []
      },
      "attrs": [],
      "properties": {
        "ligatures": "arrow-up-right, up-right",
        "name": "arrow-up-right",
        "order": 64,
        "id": 308,
        "prevSize": 32,
        "code": 59955
      },
      "setIdx": 0,
      "setId": 1,
      "iconIdx": 307
    },
    {
      "icon": {
        "paths": [
          "M992 512l-480-480v288h-512v384h512v288z"
        ],
        "tags": [
          "arrow-right",
          "right",
          "next"
        ],
        "defaultCode": 59956,
        "grid": 16,
        "attrs": []
      },
      "attrs": [],
      "properties": {
        "ligatures": "arrow-right, right3",
        "name": "arrow-right",
        "order": 65,
        "id": 309,
        "prevSize": 32,
        "code": 59956
      },
      "setIdx": 0,
      "setId": 1,
      "iconIdx": 308
    },
    {
      "icon": {
        "paths": [
          "M1024 288l-256 256-544-544-224 224 544 544-255.998 256h735.998v-736z"
        ],
        "tags": [
          "arrow-down-right",
          "down-right",
          "arrow-bottom-right"
        ],
        "defaultCode": 59957,
        "grid": 16,
        "attrs": []
      },
      "attrs": [],
      "properties": {
        "ligatures": "arrow-down-right, down-right",
        "name": "arrow-down-right",
        "order": 66,
        "id": 310,
        "prevSize": 32,
        "code": 59957
      },
      "setIdx": 0,
      "setId": 1,
      "iconIdx": 309
    },
    {
      "icon": {
        "paths": [
          "M512 992l480-480h-288v-512h-384v512h-288z"
        ],
        "tags": [
          "arrow-down",
          "down",
          "download",
          "bottom"
        ],
        "defaultCode": 59958,
        "grid": 16,
        "attrs": []
      },
      "attrs": [],
      "properties": {
        "ligatures": "arrow-down, down",
        "name": "arrow-down",
        "order": 67,
        "id": 311,
        "prevSize": 32,
        "code": 59958
      },
      "setIdx": 0,
      "setId": 1,
      "iconIdx": 310
    },
    {
      "icon": {
        "paths": [
          "M736 1024l-256-256 544-544-224-224-544 544-256-255.998v735.998h736z"
        ],
        "tags": [
          "arrow-down-left",
          "down-left",
          "arrow-bottom-left"
        ],
        "defaultCode": 59959,
        "grid": 16,
        "attrs": []
      },
      "attrs": [],
      "properties": {
        "ligatures": "arrow-down-left, down-left",
        "name": "arrow-down-left",
        "order": 68,
        "id": 312,
        "prevSize": 32,
        "code": 59959
      },
      "setIdx": 0,
      "setId": 1,
      "iconIdx": 311
    },
    {
      "icon": {
        "paths": [
          "M32 512l480 480v-288h512v-384h-512v-288z"
        ],
        "tags": [
          "arrow-left",
          "left",
          "previous"
        ],
        "defaultCode": 59960,
        "grid": 16,
        "attrs": []
      },
      "attrs": [],
      "properties": {
        "ligatures": "arrow-left, left3",
        "name": "arrow-left",
        "order": 69,
        "id": 313,
        "prevSize": 32,
        "code": 59960
      },
      "setIdx": 0,
      "setId": 1,
      "iconIdx": 312
    },
    {
      "icon": {
        "paths": [
          "M877.254 786.746l-530.744-530.746h229.49c35.346 0 64-28.654 64-64s-28.654-64-64-64h-384c-25.886 0-49.222 15.592-59.128 39.508-3.282 7.924-4.84 16.242-4.838 24.492h-0.034v384c0 35.346 28.654 64 64 64s64-28.654 64-64v-229.49l530.746 530.744c12.496 12.498 28.876 18.746 45.254 18.746s32.758-6.248 45.254-18.746c24.994-24.992 24.994-65.516 0-90.508z"
        ],
        "tags": [
          "arrow-up-left",
          "up-left",
          "arrow-top-left"
        ],
        "defaultCode": 59961,
        "grid": 16,
        "attrs": []
      },
      "attrs": [],
      "properties": {
        "ligatures": "arrow-up-left2, up-left2",
        "name": "arrow-up-left2",
        "order": 70,
        "id": 314,
        "prevSize": 32,
        "code": 59961
      },
      "setIdx": 0,
      "setId": 1,
      "iconIdx": 313
    },
    {
      "icon": {
        "paths": [
          "M877.254 402.746l-320-320c-24.992-24.994-65.514-24.994-90.508 0l-320 320c-24.994 24.994-24.994 65.516 0 90.51 24.994 24.996 65.516 24.996 90.51 0l210.744-210.746v613.49c0 35.346 28.654 64 64 64s64-28.654 64-64v-613.49l210.746 210.746c12.496 12.496 28.876 18.744 45.254 18.744s32.758-6.248 45.254-18.746c24.994-24.994 24.994-65.514 0-90.508z"
        ],
        "tags": [
          "arrow-up",
          "up",
          "upload",
          "top"
        ],
        "defaultCode": 59962,
        "grid": 16,
        "attrs": []
      },
      "attrs": [],
      "properties": {
        "ligatures": "arrow-up2, up2",
        "name": "arrow-up2",
        "order": 71,
        "id": 315,
        "prevSize": 32,
        "code": 59962
      },
      "setIdx": 0,
      "setId": 1,
      "iconIdx": 314
    },
    {
      "icon": {
        "paths": [
          "M237.254 877.254l530.746-530.744v229.49c0 35.346 28.654 64 64 64s64-28.654 64-64v-384c0-25.884-15.594-49.222-39.508-59.126-7.924-3.284-16.242-4.84-24.492-4.838v-0.036h-384c-35.346 0-64 28.654-64 64 0 35.348 28.654 64 64 64h229.49l-530.744 530.746c-12.498 12.496-18.746 28.876-18.746 45.254s6.248 32.758 18.746 45.254c24.992 24.994 65.516 24.994 90.508 0z"
        ],
        "tags": [
          "arrow-up-right",
          "up-right",
          "arrow-top-right"
        ],
        "defaultCode": 59963,
        "grid": 16,
        "attrs": []
      },
      "attrs": [],
      "properties": {
        "ligatures": "arrow-up-right2, up-right2",
        "name": "arrow-up-right2",
        "order": 72,
        "id": 316,
        "prevSize": 32,
        "code": 59963
      },
      "setIdx": 0,
      "setId": 1,
      "iconIdx": 315
    },
    {
      "icon": {
        "paths": [
          "M621.254 877.254l320-320c24.994-24.992 24.994-65.516 0-90.51l-320-320c-24.994-24.992-65.516-24.992-90.51 0-24.994 24.994-24.994 65.516 0 90.51l210.746 210.746h-613.49c-35.346 0-64 28.654-64 64s28.654 64 64 64h613.49l-210.746 210.746c-12.496 12.496-18.744 28.876-18.744 45.254s6.248 32.758 18.744 45.254c24.994 24.994 65.516 24.994 90.51 0z"
        ],
        "tags": [
          "arrow-right",
          "right",
          "next"
        ],
        "defaultCode": 59964,
        "grid": 16,
        "attrs": []
      },
      "attrs": [],
      "properties": {
        "ligatures": "arrow-right2, right4",
        "name": "arrow-right2",
        "order": 73,
        "id": 317,
        "prevSize": 32,
        "code": 59964
      },
      "setIdx": 0,
      "setId": 1,
      "iconIdx": 316
    },
    {
      "icon": {
        "paths": [
          "M146.746 237.254l530.742 530.746h-229.488c-35.346 0-64 28.654-64 64s28.654 64 64 64h384c25.884 0 49.222-15.594 59.126-39.508 3.284-7.924 4.84-16.242 4.838-24.492h0.036v-384c0-35.346-28.654-64-64-64-35.348 0-64 28.654-64 64v229.49l-530.746-530.744c-12.496-12.498-28.874-18.746-45.254-18.746s-32.758 6.248-45.254 18.746c-24.994 24.992-24.994 65.516 0 90.508z"
        ],
        "tags": [
          "arrow-down-right",
          "down-right",
          "arrow-bottom-right"
        ],
        "defaultCode": 59965,
        "grid": 16,
        "attrs": []
      },
      "attrs": [],
      "properties": {
        "ligatures": "arrow-down-right2, down-right2",
        "name": "arrow-down-right2",
        "order": 74,
        "id": 318,
        "prevSize": 32,
        "code": 59965
      },
      "setIdx": 0,
      "setId": 1,
      "iconIdx": 317
    },
    {
      "icon": {
        "paths": [
          "M877.254 621.254l-320 320c-24.992 24.994-65.514 24.994-90.508 0l-320-320c-24.994-24.994-24.994-65.516 0-90.51 24.994-24.996 65.516-24.996 90.51 0l210.744 210.746v-613.49c0-35.346 28.654-64 64-64s64 28.654 64 64v613.49l210.746-210.746c12.496-12.496 28.876-18.744 45.254-18.744s32.758 6.248 45.254 18.746c24.994 24.994 24.994 65.514 0 90.508z"
        ],
        "tags": [
          "arrow-down",
          "down",
          "download",
          "bottom"
        ],
        "defaultCode": 59966,
        "grid": 16,
        "attrs": []
      },
      "attrs": [],
      "properties": {
        "ligatures": "arrow-down2, down2",
        "name": "arrow-down2",
        "order": 75,
        "id": 319,
        "prevSize": 32,
        "code": 59966
      },
      "setIdx": 0,
      "setId": 1,
      "iconIdx": 318
    },
    {
      "icon": {
        "paths": [
          "M786.744 146.744l-530.744 530.744v-229.49c0-35.346-28.654-64-64-64s-64 28.654-64 64v384.002c0 25.886 15.592 49.222 39.508 59.128 7.924 3.282 16.242 4.84 24.492 4.836v0.036l384-0.002c35.344 0 64-28.654 64-63.998 0-35.348-28.656-64-64-64h-229.49l530.744-530.746c12.496-12.496 18.746-28.876 18.746-45.256 0-16.376-6.25-32.758-18.746-45.254-24.992-24.992-65.518-24.992-90.51 0v0z"
        ],
        "tags": [
          "arrow-down-left",
          "down-left",
          "arrow-bottom-left"
        ],
        "defaultCode": 59967,
        "grid": 16,
        "attrs": []
      },
      "attrs": [],
      "properties": {
        "ligatures": "arrow-down-left2, down-left2",
        "name": "arrow-down-left2",
        "order": 76,
        "id": 320,
        "prevSize": 32,
        "code": 59967
      },
      "setIdx": 0,
      "setId": 1,
      "iconIdx": 319
    },
    {
      "icon": {
        "paths": [
          "M896 0h-768c-70.4 0-128 57.6-128 128v768c0 70.4 57.6 128 128 128h768c70.4 0 128-57.6 128-128v-768c0-70.4-57.6-128-128-128zM448 794.51l-237.254-237.256 90.51-90.508 146.744 146.744 306.746-306.746 90.508 90.51-397.254 397.256z"
        ],
        "tags": [
          "checkbox-checked",
          "checkbox",
          "tick",
          "checked",
          "selected"
        ],
        "defaultCode": 59986,
        "grid": 16,
        "attrs": []
      },
      "attrs": [],
      "properties": {
        "ligatures": "checkbox-checked, checkbox",
        "name": "checkbox-checked",
        "order": 77,
        "id": 339,
        "prevSize": 32,
        "code": 59986
      },
      "setIdx": 0,
      "setId": 1,
      "iconIdx": 338
    },
    {
      "icon": {
        "paths": [
          "M896 0h-768c-70.4 0-128 57.6-128 128v768c0 70.4 57.6 128 128 128h768c70.4 0 128-57.6 128-128v-768c0-70.4-57.6-128-128-128zM896 896h-768v-768h768v768z"
        ],
        "tags": [
          "checkbox-unchecked",
          "checkbox",
          "unchecked",
          "square"
        ],
        "defaultCode": 59987,
        "grid": 16,
        "attrs": []
      },
      "attrs": [],
      "properties": {
        "ligatures": "checkbox-unchecked, checkbox2",
        "name": "checkbox-unchecked",
        "order": 78,
        "id": 340,
        "prevSize": 32,
        "code": 59987
      },
      "setIdx": 0,
      "setId": 1,
      "iconIdx": 339
    },
    {
      "icon": {
        "paths": [
          "M512 0c-282.77 0-512 229.23-512 512s229.23 512 512 512 512-229.23 512-512-229.23-512-512-512zM512 896c-212.078 0-384-171.922-384-384s171.922-384 384-384c212.078 0 384 171.922 384 384s-171.922 384-384 384zM320 512c0-106.039 85.961-192 192-192s192 85.961 192 192c0 106.039-85.961 192-192 192s-192-85.961-192-192z"
        ],
        "tags": [
          "radio-checked",
          "radio-button"
        ],
        "defaultCode": 59988,
        "grid": 16,
        "attrs": []
      },
      "attrs": [],
      "properties": {
        "ligatures": "radio-checked, radio-button",
        "name": "radio-checked",
        "order": 79,
        "id": 341,
        "prevSize": 32,
        "code": 59988
      },
      "setIdx": 0,
      "setId": 1,
      "iconIdx": 340
    },
    {
      "icon": {
        "paths": [
          "M512 0c-282.77 0-512 229.23-512 512s229.23 512 512 512 512-229.23 512-512-229.23-512-512-512zM512 640c-70.692 0-128-57.306-128-128 0-70.692 57.308-128 128-128 70.694 0 128 57.308 128 128 0 70.694-57.306 128-128 128z"
        ],
        "tags": [
          "radio-checked",
          "radio-button"
        ],
        "defaultCode": 59989,
        "grid": 16,
        "attrs": []
      },
      "attrs": [],
      "properties": {
        "ligatures": "radio-checked2, radio-button2",
        "name": "radio-checked2",
        "order": 80,
        "id": 342,
        "prevSize": 32,
        "code": 59989
      },
      "setIdx": 0,
      "setId": 1,
      "iconIdx": 341
    },
    {
      "icon": {
        "paths": [
          "M512 0c-282.77 0-512 229.23-512 512s229.23 512 512 512 512-229.23 512-512-229.23-512-512-512zM512 896c-212.078 0-384-171.922-384-384s171.922-384 384-384c212.078 0 384 171.922 384 384s-171.922 384-384 384z"
        ],
        "tags": [
          "radio-unchecked",
          "radio-button",
          "circle"
        ],
        "defaultCode": 59990,
        "grid": 16,
        "attrs": []
      },
      "attrs": [],
      "properties": {
        "ligatures": "radio-unchecked, radio-button3",
        "name": "radio-unchecked",
        "order": 81,
        "id": 343,
        "prevSize": 32,
        "code": 59990
      },
      "setIdx": 0,
      "setId": 1,
      "iconIdx": 342
    },
    {
      "icon": {
        "paths": [
          "M512 0c-282.77 0-512 71.634-512 160v96l384 384v320c0 35.346 57.306 64 128 64 70.692 0 128-28.654 128-64v-320l384-384v-96c0-88.366-229.23-160-512-160zM94.384 138.824c23.944-13.658 57.582-26.62 97.278-37.488 87.944-24.076 201.708-37.336 320.338-37.336 118.628 0 232.394 13.26 320.338 37.336 39.696 10.868 73.334 23.83 97.28 37.488 15.792 9.006 24.324 16.624 28.296 21.176-3.972 4.552-12.506 12.168-28.296 21.176-23.946 13.658-57.584 26.62-97.28 37.488-87.942 24.076-201.708 37.336-320.338 37.336s-232.394-13.26-320.338-37.336c-39.696-10.868-73.334-23.83-97.278-37.488-15.792-9.008-24.324-16.624-28.298-21.176 3.974-4.552 12.506-12.168 28.298-21.176z"
        ],
        "tags": [
          "filter",
          "funnel"
        ],
        "defaultCode": 59995,
        "grid": 16,
        "attrs": []
      },
      "attrs": [],
      "properties": {
        "ligatures": "filter, funnel",
        "name": "filter",
        "order": 82,
        "id": 348,
        "prevSize": 32,
        "code": 59995
      },
      "setIdx": 0,
      "setId": 1,
      "iconIdx": 347
    },
    {
      "icon": {
        "paths": [
          "M0 64v896h1024v-896h-1024zM384 640v-192h256v192h-256zM640 704v192h-256v-192h256zM640 192v192h-256v-192h256zM320 192v192h-256v-192h256zM64 448h256v192h-256v-192zM704 448h256v192h-256v-192zM704 384v-192h256v192h-256zM64 704h256v192h-256v-192zM704 896v-192h256v192h-256z"
        ],
        "tags": [
          "table",
          "wysiwyg"
        ],
        "defaultCode": 60017,
        "grid": 16,
        "attrs": []
      },
      "attrs": [],
      "properties": {
        "ligatures": "table2, wysiwyg19",
        "name": "table2",
        "order": 84,
        "id": 370,
        "prevSize": 32,
        "code": 60017
      },
      "setIdx": 0,
      "setId": 1,
      "iconIdx": 369
    },
    {
      "icon": {
        "paths": [
          "M864 704c-45.16 0-85.92 18.738-115.012 48.83l-431.004-215.502c1.314-8.252 2.016-16.706 2.016-25.328s-0.702-17.076-2.016-25.326l431.004-215.502c29.092 30.090 69.852 48.828 115.012 48.828 88.366 0 160-71.634 160-160s-71.634-160-160-160-160 71.634-160 160c0 8.622 0.704 17.076 2.016 25.326l-431.004 215.504c-29.092-30.090-69.852-48.83-115.012-48.83-88.366 0-160 71.636-160 160 0 88.368 71.634 160 160 160 45.16 0 85.92-18.738 115.012-48.828l431.004 215.502c-1.312 8.25-2.016 16.704-2.016 25.326 0 88.368 71.634 160 160 160s160-71.632 160-160c0-88.364-71.634-160-160-160z"
        ],
        "tags": [
          "share",
          "social"
        ],
        "defaultCode": 60034,
        "grid": 16,
        "attrs": []
      },
      "attrs": [],
      "properties": {
        "ligatures": "share2, social",
        "name": "share2",
        "order": 83,
        "id": 387,
        "prevSize": 32,
        "code": 60034
      },
      "setIdx": 0,
      "setId": 1,
      "iconIdx": 386
    }
  ],
  "height": 1024,
  "metadata": {
    "name": "icomoon"
  },
  "preferences": {
    "showGlyphs": true,
    "showQuickUse": true,
    "showQuickUse2": true,
    "showSVGs": true,
    "fontPref": {
      "prefix": "icon-",
      "metadata": {
        "fontFamily": "icomoon"
      },
      "metrics": {
        "emSize": 1024,
        "baseline": 6.25,
        "whitespace": 50
      },
      "embed": false
    },
    "imagePref": {
      "prefix": "icon-",
      "png": true,
      "useClassSelector": true,
      "color": 0,
      "bgColor": 16777215,
      "classSelector": ".icon"
    },
    "historySize": 50,
    "showCodes": true,
    "gridSize": 16
  }
}